ID Provinsi,Nama Provinsi,ID Kota/Kabupaten,Nama Kota/Kabupaten,ID Kecamatan,Nama Kecamatan,ID Kelurahan/Desa,Nama Kelurahan/Desa,ID TPS,Nama TPS,DPT,DPTb,DPK,Paslon 01,Paslon 02,Paslon 03,Suara Sah,Suara Tidak Sah,Total Suara,Status,Gambar Formulir Model C.Hasil-PPWP ke-1,Gambar Formulir Model C.Hasil-PPWP ke-2,Gambar Formulir Model C.Hasil-PPWP ke-3
34,DAERAH ISTIMEWA YOGYAKARTA,3404,SLEMAN,340406,MLATI,3404062001,SINDUADI,3404062001001,TPS 001,0,0,0,49,104,84,237,10,247,VALID,https://sirekap-obj-formc.kpu.go.id/bdfe/pemilu/ppwp/34/04/06/20/01/3404062001001-20240216-160300--505a1b41-25c5-4535-8c5b-a7927adaf894.jpg,https://sirekap-obj-formc.kpu.go.id/bdfe/pemilu/ppwp/34/04/06/20/01/3404062001001-20240216-160301--ffe031e2-7203-4620-a10b-3e9eedc9c3a0.jpg,https://sirekap-obj-formc.kpu.go.id/bdfe/pemilu/ppwp/34/04/06/20/01/3404062001001-20240216-160301--20c3de06-d9c2-4b52-b73b-77aced9209d0.jpg
34,DAERAH ISTIMEWA YOGYAKARTA,3404,SLEMAN,340406,MLATI,3404062001,SINDUADI,3404062001002,TPS 002,245,9,3,43,93,75,211,5,216,VALID,https://sirekap-obj-formc.kpu.go.id/2439/pemilu/ppwp/34/04/06/20/01/3404062001002-20240216-104446--46661c75-dd32-4a5e-a913-11332e227304.jpg,https://sirekap-obj-formc.kpu.go.id/2439/pemilu/ppwp/34/04/06/20/01/3404062001002-20240216-093629--33bbe2b5-77fd-4768-938f-26060f21308c.jpg,https://sirekap-obj-formc.kpu.go.id/2439/pemilu/ppwp/34/04/06/20/01/3404062001002-20240216-093626--16d4186c-ed0e-4d6e-a1f8-a16f586df109.jpg
34,DAERAH ISTIMEWA YOGYAKARTA,3404,SLEMAN,340406,MLATI,3404062001,SINDUADI,3404062001003,TPS 003,null,null,null,62,127,43,null,null,null,INVALID,null,https://sirekap-obj-formc.kpu.go.id/7f0d/pemilu/ppwp/34/04/06/20/01/3404062001003-20240214-162220--3dd0711e-d12e-4585-842c-df42ae2606ae.jpg,null
34,DAERAH ISTIMEWA YOGYAKARTA,3404,SLEMAN,340406,MLATI,3404062001,SINDUADI,3404062001004,TPS 004,null,null,null,null,null,null,null,null,null,PROCESS,null,null,null
34,DAERAH ISTIMEWA YOGYAKARTA,3404,SLEMAN,340406,MLATI,3404062001,SINDUADI,3404062001005,TPS 005,203,8,2,54,92,40,186,6,192,VALID,https://sirekap-obj-formc.kpu.go.id/5953/pemilu/ppwp/34/04/06/20/01/3404062001005-20240216-115727--fa8e5346-b86a-4799-810f-856e93db1d32.jpg,https://sirekap-obj-formc.kpu.go.id/5953/pemilu/ppwp/34/04/06/20/01/3404062001005-20240216-115733--aa36ee30-63fc-4a80-b98d-1657ba477549.jpg,https://sirekap-obj-formc.kpu.go.id/5953/pemilu/ppwp/34/04/06/20/01/3404062001005-20240216-115730--2fdbedd1-f2bc-4be3-a4f8-e0020a0a3011.jpg
34,DAERAH ISTIMEWA YOGYAKARTA,3404,SLEMAN,340406,MLATI,3404062001,SINDUADI,3404062001006,TPS 006,null,null,null,41,76,80,null,null,null,INVALID,https://sirekap-obj-formc.kpu.go.id/ff23/pemilu/ppwp/34/04/06/20/01/3404062001006-20240215-010035--18e274cb-2c99-4506-810f-91ba9ea72300.jpg,https://sirekap-obj-formc.kpu.go.id/ff23/pemilu/ppwp/34/04/06/20/01/3404062001006-20240215-010225--ea625915-038e-427d-903a-328571b8fce9.jpg,https://sirekap-obj-formc.kpu.go.id/ff23/pemilu/ppwp/34/04/06/20/01/3404062001006-20240215-010506--974b4339-5fbd-4f44-992c-225035b04074.jpg
34,DAERAH ISTIMEWA YOGYAKARTA,3404,SLEMAN,340406,MLATI,3404062001,SINDUADI,3404062001007,TPS 007,null,null,null,null,null,null,null,null,null,PROCESS,null,null,null
34,DAERAH ISTIMEWA YOGYAKARTA,3404,SLEMAN,340406,MLATI,3404062001,SINDUADI,3404062001008,TPS 008,null,null,null,null,null,null,null,null,null,PROCESS,null,null,null
34,DAERAH ISTIMEWA YOGYAKARTA,3404,SLEMAN,340406,MLATI,3404062001,SINDUADI,3404062001009,TPS 009,null,null,null,33,140,59,null,null,null,INVALID,https://sirekap-obj-formc.kpu.go.id/149b/pemilu/ppwp/34/04/06/20/01/3404062001009-20240214-155124--3a59ed74-437e-47a2-a4c4-c7bff5ece873.jpg,https://sirekap-obj-formc.kpu.go.id/149b/pemilu/ppwp/34/04/06/20/01/3404062001009-20240214-155442--3dcc0f61-5abd-4279-b9ae-6e548a34202a.jpg,https://sirekap-obj-formc.kpu.go.id/149b/pemilu/ppwp/34/04/06/20/01/3404062001009-20240214-155543--c9722db9-d397-4e06-9e2b-0de79ccf09bd.jpg
34,DAERAH ISTIMEWA YOGYAKARTA,3404,SLEMAN,340406,MLATI,3404062001,SINDUADI,3404062001010,TPS 010,null,null,null,null,null,null,null,null,null,PROCESS,null,null,null
34,DAERAH ISTIMEWA YOGYAKARTA,3404,SLEMAN,340406,MLATI,3404062001,SINDUADI,3404062001011,TPS 011,null,null,null,42,89,83,null,null,null,INVALID,https://sirekap-obj-formc.kpu.go.id/16c4/pemilu/ppwp/34/04/06/20/01/3404062001011-20240215-022731--c936a92c-e05f-4b36-8b9d-d0b514d438a5.jpg,https://sirekap-obj-formc.kpu.go.id/16c4/pemilu/ppwp/34/04/06/20/01/3404062001011-20240215-022751--d6864993-e886-4634-a9f3-eeeb774d3932.jpg,https://sirekap-obj-formc.kpu.go.id/16c4/pemilu/ppwp/34/04/06/20/01/3404062001011-20240215-022808--c2152a40-9c61-47ff-95e3-5aa497009666.jpg
34,DAERAH ISTIMEWA YOGYAKARTA,3404,SLEMAN,340406,MLATI,3404062001,SINDUADI,3404062001012,TPS 012,239,7,0,31,92,76,199,9,208,VALID,https://sirekap-obj-formc.kpu.go.id/d414/pemilu/ppwp/34/04/06/20/01/3404062001012-20240214-155907--c2692dad-f777-42d4-b2b6-662d38f67b1c.jpg,https://sirekap-obj-formc.kpu.go.id/d414/pemilu/ppwp/34/04/06/20/01/3404062001012-20240214-160110--2916bbbc-a036-4142-bd90-6d3fe86a9288.jpg,https://sirekap-obj-formc.kpu.go.id/d414/pemilu/ppwp/34/04/06/20/01/3404062001012-20240214-160156--86df001d-6402-410d-a7ff-43db51c8c95b.jpg
34,DAERAH ISTIMEWA YOGYAKARTA,3404,SLEMAN,340406,MLATI,3404062001,SINDUADI,3404062001013,TPS 013,null,null,null,29,116,56,null,null,null,INVALID,https://sirekap-obj-formc.kpu.go.id/2515/pemilu/ppwp/34/04/06/20/01/3404062001013-20240215-200242--e71c5463-2418-4905-90b8-fe07cc78053c.jpg,https://sirekap-obj-formc.kpu.go.id/2515/pemilu/ppwp/34/04/06/20/01/3404062001013-20240214-200108--717b8a20-f51d-4711-9721-3ce073397387.jpg,https://sirekap-obj-formc.kpu.go.id/2515/pemilu/ppwp/34/04/06/20/01/3404062001013-20240214-200124--929a1626-40d3-4368-9747-fc9a34939005.jpg
34,DAERAH ISTIMEWA YOGYAKARTA,3404,SLEMAN,340406,MLATI,3404062001,SINDUADI,3404062001014,TPS 014,null,null,null,null,null,null,null,null,null,PROCESS,https://sirekap-obj-formc.kpu.go.id/b8e5/pemilu/ppwp/34/04/06/20/01/3404062001014-20240215-010315--c0ddffd2-ce15-45af-a354-5f244a9ec304.jpg,null,null
34,DAERAH ISTIMEWA YOGYAKARTA,3404,SLEMAN,340406,MLATI,3404062001,SINDUADI,3404062001015,TPS 015,null,null,null,35,82,78,null,null,null,INVALID,https://sirekap-obj-formc.kpu.go.id/8bac/pemilu/ppwp/34/04/06/20/01/3404062001015-20240214-225358--4a9537b3-c252-4eae-b86b-1eb80d624ffc.jpg,https://sirekap-obj-formc.kpu.go.id/8bac/pemilu/ppwp/34/04/06/20/01/3404062001015-20240214-225622--b838671c-f1a8-4647-9226-c37470e17b3e.jpg,https://sirekap-obj-formc.kpu.go.id/8bac/pemilu/ppwp/34/04/06/20/01/3404062001015-20240214-225808--0809e58d-da7f-4a62-87c4-759190e3a4e5.jpg
34,DAERAH ISTIMEWA YOGYAKARTA,3404,SLEMAN,340406,MLATI,3404062001,SINDUADI,3404062001016,TPS 016,null,null,null,null,null,null,null,null,null,PROCESS,null,null,null
34,DAERAH ISTIMEWA YOGYAKARTA,3404,SLEMAN,340406,MLATI,3404062001,SINDUADI,3404062001017,TPS 017,null,null,null,null,null,null,null,null,null,PROCESS,null,null,null
34,DAERAH ISTIMEWA YOGYAKARTA,3404,SLEMAN,340406,MLATI,3404062001,SINDUADI,3404062001018,TPS 018,null,null,null,56,116,59,null,null,null,INVALID,https://sirekap-obj-formc.kpu.go.id/5146/pemilu/ppwp/34/04/06/20/01/3404062001018-20240216-174010--d8fba2bb-601e-4448-94b3-3854bcfbd9b4.jpg,https://sirekap-obj-formc.kpu.go.id/5146/pemilu/ppwp/34/04/06/20/01/3404062001018-20240216-174013--169d65f2-ffe0-4c8e-9ce5-8c201abcf183.jpg,https://sirekap-obj-formc.kpu.go.id/5146/pemilu/ppwp/34/04/06/20/01/3404062001018-20240217-114000--97a9a3a2-48a3-4266-b439-ba9070de5378.jpg
34,DAERAH ISTIMEWA YOGYAKARTA,3404,SLEMAN,340406,MLATI,3404062001,SINDUADI,3404062001019,TPS 019,null,null,null,null,null,null,null,null,null,PROCESS,null,null,null
34,DAERAH ISTIMEWA YOGYAKARTA,3404,SLEMAN,340406,MLATI,3404062001,SINDUADI,3404062001020,TPS 020,156,5,8,28,71,40,139,3,142,VALID,https://sirekap-obj-formc.kpu.go.id/f7b4/pemilu/ppwp/34/04/06/20/01/3404062001020-20240214-215012--f45a19af-5ba1-4b08-9e24-040c98b18ba8.jpg,https://sirekap-obj-formc.kpu.go.id/f7b4/pemilu/ppwp/34/04/06/20/01/3404062001020-20240214-215016--a25a8e6c-219d-4176-bc45-4d37b4915dc2.jpg,https://sirekap-obj-formc.kpu.go.id/f7b4/pemilu/ppwp/34/04/06/20/01/3404062001020-20240214-215022--6166ab63-5e62-47a1-8789-4ff40435d40e.jpg
34,DAERAH ISTIMEWA YOGYAKARTA,3404,SLEMAN,340406,MLATI,3404062001,SINDUADI,3404062001021,TPS 021,212,6,3,44,88,61,193,5,198,VALID,https://sirekap-obj-formc.kpu.go.id/0d7a/pemilu/ppwp/34/04/06/20/01/3404062001021-20240216-134442--67c93753-28a9-4ebb-92ef-7aa4d1e7387f.jpg,https://sirekap-obj-formc.kpu.go.id/0d7a/pemilu/ppwp/34/04/06/20/01/3404062001021-20240216-134443--6d8b9a6c-adaf-49ef-a3dd-0d8f6405fdb6.jpg,https://sirekap-obj-formc.kpu.go.id/0d7a/pemilu/ppwp/34/04/06/20/01/3404062001021-20240216-134443--c37042a7-8632-4e8d-8d29-fc432d0490f9.jpg
34,DAERAH ISTIMEWA YOGYAKARTA,3404,SLEMAN,340406,MLATI,3404062001,SINDUADI,3404062001022,TPS 022,null,null,null,null,null,null,null,null,null,PROCESS,null,null,null
34,DAERAH ISTIMEWA YOGYAKARTA,3404,SLEMAN,340406,MLATI,3404062001,SINDUADI,3404062001023,TPS 023,null,null,null,null,null,null,null,null,null,PROCESS,null,null,null
34,DAERAH ISTIMEWA YOGYAKARTA,3404,SLEMAN,340406,MLATI,3404062001,SINDUADI,3404062001024,TPS 024,230,10,1,41,92,78,211,4,215,VALID,https://sirekap-obj-formc.kpu.go.id/496f/pemilu/ppwp/34/04/06/20/01/3404062001024-20240216-100450--d7a6f1f5-b004-45bf-924f-020aeb8a9628.jpg,https://sirekap-obj-formc.kpu.go.id/496f/pemilu/ppwp/34/04/06/20/01/3404062001024-20240216-100452--9f6fc37c-914b-432e-a651-f037c89c601c.jpg,https://sirekap-obj-formc.kpu.go.id/496f/pemilu/ppwp/34/04/06/20/01/3404062001024-20240216-100451--4fc260fd-8522-465a-8ab3-06b2cd24e3c4.jpg
34,DAERAH ISTIMEWA YOGYAKARTA,3404,SLEMAN,340406,MLATI,3404062001,SINDUADI,3404062001025,TPS 025,null,null,null,51,87,73,null,null,null,INVALID,https://sirekap-obj-formc.kpu.go.id/1dc7/pemilu/ppwp/34/04/06/20/01/3404062001025-20240214-225733--d5085a5d-8a23-474d-9c0a-168ac4bed8d3.jpg,https://sirekap-obj-formc.kpu.go.id/1dc7/pemilu/ppwp/34/04/06/20/01/3404062001025-20240214-230039--2f9ddbdc-fac7-490b-9ff3-650365735c2f.jpg,https://sirekap-obj-formc.kpu.go.id/1dc7/pemilu/ppwp/34/04/06/20/01/3404062001025-20240214-230229--1164fa14-9b6c-4ced-a7c0-2ac2ecf0cfcb.jpg
34,DAERAH ISTIMEWA YOGYAKARTA,3404,SLEMAN,340406,MLATI,3404062001,SINDUADI,3404062001026,TPS 026,null,null,null,51,100,58,null,null,null,INVALID,https://sirekap-obj-formc.kpu.go.id/1858/pemilu/ppwp/34/04/06/20/01/3404062001026-20240214-230740--136b3133-77f2-47fb-9daa-625de020d293.jpg,https://sirekap-obj-formc.kpu.go.id/1858/pemilu/ppwp/34/04/06/20/01/3404062001026-20240214-231006--94ddc40d-9c34-4eab-9a4b-b4f6e8ff3385.jpg,https://sirekap-obj-formc.kpu.go.id/1858/pemilu/ppwp/34/04/06/20/01/3404062001026-20240214-231055--c881ce23-cb07-4d4c-ac92-e617ef2c773c.jpg
34,DAERAH ISTIMEWA YOGYAKARTA,3404,SLEMAN,340406,MLATI,3404062001,SINDUADI,3404062001027,TPS 027,null,null,null,66,84,44,null,null,null,INVALID,https://sirekap-obj-formc.kpu.go.id/5daf/pemilu/ppwp/34/04/06/20/01/3404062001027-20240214-212258--e8053d21-cccd-4e09-96e9-8cfdad339943.jpg,https://sirekap-obj-formc.kpu.go.id/5daf/pemilu/ppwp/34/04/06/20/01/3404062001027-20240214-212315--adf1bda0-9ff8-43f4-8a44-18378af4a0a4.jpg,https://sirekap-obj-formc.kpu.go.id/5daf/pemilu/ppwp/34/04/06/20/01/3404062001027-20240214-212327--ddceb7cb-cf88-49b1-8dcd-640e2d9e4ee3.jpg
34,DAERAH ISTIMEWA YOGYAKARTA,3404,SLEMAN,340406,MLATI,3404062001,SINDUADI,3404062001028,TPS 028,216,6,0,61,95,34,190,2,192,VALID,https://sirekap-obj-formc.kpu.go.id/131a/pemilu/ppwp/34/04/06/20/01/3404062001028-20240216-141641--05807329-60a7-4a47-b110-ce56f0b4478a.jpg,https://sirekap-obj-formc.kpu.go.id/131a/pemilu/ppwp/34/04/06/20/01/3404062001028-20240216-141643--0ab6de52-3d45-46d7-9b97-73bb0d9bf18c.jpg,https://sirekap-obj-formc.kpu.go.id/131a/pemilu/ppwp/34/04/06/20/01/3404062001028-20240216-141642--d4da5800-b00b-430d-bff1-ead6134290cb.jpg
34,DAERAH ISTIMEWA YOGYAKARTA,3404,SLEMAN,340406,MLATI,3404062001,SINDUADI,3404062001029,TPS 029,null,null,null,null,null,null,null,null,null,PROCESS,null,null,null
34,DAERAH ISTIMEWA YOGYAKARTA,3404,SLEMAN,340406,MLATI,3404062001,SINDUADI,3404062001030,TPS 030,204,9,0,26,90,56,172,0,172,VALID,https://sirekap-obj-formc.kpu.go.id/cb8b/pemilu/ppwp/34/04/06/20/01/3404062001030-20240217-172321--6940cb2d-0020-4bf2-8ef6-10fd35b448ab.jpg,https://sirekap-obj-formc.kpu.go.id/cb8b/pemilu/ppwp/34/04/06/20/01/3404062001030-20240217-172323--49e4ae58-7c84-45d9-9966-b45cdd0c5977.jpg,https://sirekap-obj-formc.kpu.go.id/cb8b/pemilu/ppwp/34/04/06/20/01/3404062001030-20240217-172322--5ce40510-0724-4148-9199-4614cebd7474.jpg
34,DAERAH ISTIMEWA YOGYAKARTA,3404,SLEMAN,340406,MLATI,3404062001,SINDUADI,3404062001031,TPS 031,null,null,null,null,null,null,null,null,null,PROCESS,null,null,null
34,DAERAH ISTIMEWA YOGYAKARTA,3404,SLEMAN,340406,MLATI,3404062001,SINDUADI,3404062001032,TPS 032,null,null,null,null,null,null,null,null,null,PROCESS,null,null,null
34,DAERAH ISTIMEWA YOGYAKARTA,3404,SLEMAN,340406,MLATI,3404062001,SINDUADI,3404062001033,TPS 033,null,null,null,null,null,null,null,null,null,PROCESS,null,null,null
34,DAERAH ISTIMEWA YOGYAKARTA,3404,SLEMAN,340406,MLATI,3404062001,SINDUADI,3404062001034,TPS 034,null,null,null,null,null,null,null,null,null,PROCESS,null,null,null
34,DAERAH ISTIMEWA YOGYAKARTA,3404,SLEMAN,340406,MLATI,3404062001,SINDUADI,3404062001035,TPS 035,252,10,13,49,120,60,229,3,232,VALID,https://sirekap-obj-formc.kpu.go.id/a55a/pemilu/ppwp/34/04/06/20/01/3404062001035-20240214-155306--cfd9cd8f-8fd4-4e82-a379-a91efb747838.jpg,https://sirekap-obj-formc.kpu.go.id/a55a/pemilu/ppwp/34/04/06/20/01/3404062001035-20240214-160146--a709347a-3e48-44e4-a95d-1fcddb4a4148.jpg,https://sirekap-obj-formc.kpu.go.id/a55a/pemilu/ppwp/34/04/06/20/01/3404062001035-20240214-160058--21f765da-6c40-4bae-9cda-f4ffc16ce2db.jpg
34,DAERAH ISTIMEWA YOGYAKARTA,3404,SLEMAN,340406,MLATI,3404062001,SINDUADI,3404062001036,TPS 036,286,6,5,52,107,94,253,8,261,VALID,https://sirekap-obj-formc.kpu.go.id/4fab/pemilu/ppwp/34/04/06/20/01/3404062001036-20240214-195857--027c9548-d8e1-4e42-82aa-d7895ae3d4ec.jpg,https://sirekap-obj-formc.kpu.go.id/4fab/pemilu/ppwp/34/04/06/20/01/3404062001036-20240214-190154--5bcd263e-9931-44cb-ac33-adb10bcc9e54.jpg,https://sirekap-obj-formc.kpu.go.id/4fab/pemilu/ppwp/34/04/06/20/01/3404062001036-20240214-190247--0ee32535-16a1-45a1-b496-397fde23b5a5.jpg
34,DAERAH ISTIMEWA YOGYAKARTA,3404,SLEMAN,340406,MLATI,3404062001,SINDUADI,3404062001037,TPS 037,null,null,null,41,104,77,null,null,null,INVALID,null,https://sirekap-obj-formc.kpu.go.id/0dc7/pemilu/ppwp/34/04/06/20/01/3404062001037-20240214-190247--0e8112ef-c6af-4ad0-bd0d-5c1f20217219.jpg,https://sirekap-obj-formc.kpu.go.id/0dc7/pemilu/ppwp/34/04/06/20/01/3404062001037-20240214-175446--4e9e0444-f707-4ff5-803a-a64afc15d1df.jpg
34,DAERAH ISTIMEWA YOGYAKARTA,3404,SLEMAN,340406,MLATI,3404062001,SINDUADI,3404062001038,TPS 038,null,null,null,null,null,null,null,null,null,PROCESS,null,null,null
34,DAERAH ISTIMEWA YOGYAKARTA,3404,SLEMAN,340406,MLATI,3404062001,SINDUADI,3404062001039,TPS 039,null,null,null,33,99,75,null,null,null,INVALID,https://sirekap-obj-formc.kpu.go.id/a612/pemilu/ppwp/34/04/06/20/01/3404062001039-20240214-155242--a17d5006-1185-49f4-b256-d6931075a6d7.jpg,https://sirekap-obj-formc.kpu.go.id/a612/pemilu/ppwp/34/04/06/20/01/3404062001039-20240214-155721--04ebe7e9-8f4c-415b-851b-de8c910c718b.jpg,https://sirekap-obj-formc.kpu.go.id/a612/pemilu/ppwp/34/04/06/20/01/3404062001039-20240214-155753--42b7cca1-8287-4f24-9968-d09f9fa282a6.jpg
34,DAERAH ISTIMEWA YOGYAKARTA,3404,SLEMAN,340406,MLATI,3404062001,SINDUADI,3404062001040,TPS 040,209,6,1,44,85,40,169,4,173,VALID,https://sirekap-obj-formc.kpu.go.id/a8de/pemilu/ppwp/34/04/06/20/01/3404062001040-20240214-223036--28c1b71e-3c82-49de-beea-0f34f6f09838.jpg,https://sirekap-obj-formc.kpu.go.id/a8de/pemilu/ppwp/34/04/06/20/01/3404062001040-20240214-223223--fa2261d6-8f15-4c57-b320-869c063165f6.jpg,https://sirekap-obj-formc.kpu.go.id/a8de/pemilu/ppwp/34/04/06/20/01/3404062001040-20240214-223340--91765620-c344-403a-8174-9820bf75f6ce.jpg
34,DAERAH ISTIMEWA YOGYAKARTA,3404,SLEMAN,340406,MLATI,3404062001,SINDUADI,3404062001041,TPS 041,null,null,null,null,null,null,null,null,null,PROCESS,null,null,null
34,DAERAH ISTIMEWA YOGYAKARTA,3404,SLEMAN,340406,MLATI,3404062001,SINDUADI,3404062001042,TPS 042,265,9,2,78,75,75,228,4,232,VALID,https://sirekap-obj-formc.kpu.go.id/bb9f/pemilu/ppwp/34/04/06/20/01/3404062001042-20240214-141019--23251457-c141-4825-b50b-801a13a9a74e.jpg,https://sirekap-obj-formc.kpu.go.id/bb9f/pemilu/ppwp/34/04/06/20/01/3404062001042-20240214-141021--26119112-a92e-42b4-9c0d-e6c8d2f561fb.jpg,https://sirekap-obj-formc.kpu.go.id/bb9f/pemilu/ppwp/34/04/06/20/01/3404062001042-20240214-141014--48e9c07c-49cc-4c27-9664-d0b049b81610.jpg
34,DAERAH ISTIMEWA YOGYAKARTA,3404,SLEMAN,340406,MLATI,3404062001,SINDUADI,3404062001043,TPS 043,218,5,0,33,70,86,189,1,190,VALID,https://sirekap-obj-formc.kpu.go.id/303e/pemilu/ppwp/34/04/06/20/01/3404062001043-20240214-155018--fa76e80f-b317-4690-91cd-ebbf3fc5ff93.jpg,https://sirekap-obj-formc.kpu.go.id/303e/pemilu/ppwp/34/04/06/20/01/3404062001043-20240214-155104--bdfe7343-bd11-413c-be58-661035cc67f5.jpg,https://sirekap-obj-formc.kpu.go.id/303e/pemilu/ppwp/34/04/06/20/01/3404062001043-20240214-155135--565d8e24-d0c8-4840-a5d7-4d407e146815.jpg
34,DAERAH ISTIMEWA YOGYAKARTA,3404,SLEMAN,340406,MLATI,3404062001,SINDUADI,3404062001044,TPS 044,236,5,0,41,96,63,200,1,201,VALID,https://sirekap-obj-formc.kpu.go.id/df41/pemilu/ppwp/34/04/06/20/01/3404062001044-20240214-204657--44202126-2113-4655-a626-3ac0af66713a.jpg,https://sirekap-obj-formc.kpu.go.id/df41/pemilu/ppwp/34/04/06/20/01/3404062001044-20240214-204702--21abb1ed-7663-45f1-8f05-fda4127e0866.jpg,https://sirekap-obj-formc.kpu.go.id/df41/pemilu/ppwp/34/04/06/20/01/3404062001044-20240214-204707--bfb8b3b7-9f50-4e61-a035-d27ccf1d7f9d.jpg
34,DAERAH ISTIMEWA YOGYAKARTA,3404,SLEMAN,340406,MLATI,3404062001,SINDUADI,3404062001045,TPS 045,266,10,1,43,111,86,240,6,246,VALID,https://sirekap-obj-formc.kpu.go.id/f62d/pemilu/ppwp/34/04/06/20/01/3404062001045-20240216-211619--f5580003-e9c4-4569-9e68-197343d14673.jpg,https://sirekap-obj-formc.kpu.go.id/f62d/pemilu/ppwp/34/04/06/20/01/3404062001045-20240216-211620--3306d97f-f6e8-4e00-9a9c-5d6682399de2.jpg,https://sirekap-obj-formc.kpu.go.id/f62d/pemilu/ppwp/34/04/06/20/01/3404062001045-20240216-211619--f4d61b0e-063e-4d9b-9114-c6d1c364dc72.jpg
34,DAERAH ISTIMEWA YOGYAKARTA,3404,SLEMAN,340406,MLATI,3404062001,SINDUADI,3404062001046,TPS 046,265,5,1,32,125,78,235,0,235,VALID,https://sirekap-obj-formc.kpu.go.id/ff93/pemilu/ppwp/34/04/06/20/01/3404062001046-20240216-133349--2ca32033-a873-42e3-9d2b-f916681f6575.jpg,https://sirekap-obj-formc.kpu.go.id/ff93/pemilu/ppwp/34/04/06/20/01/3404062001046-20240216-133350--01721871-aab6-4488-921b-c482345eac4a.jpg,https://sirekap-obj-formc.kpu.go.id/ff93/pemilu/ppwp/34/04/06/20/01/3404062001046-20240216-133350--1eea7262-5042-4412-ab4b-b92d6bcfdb5f.jpg
34,DAERAH ISTIMEWA YOGYAKARTA,3404,SLEMAN,340406,MLATI,3404062001,SINDUADI,3404062001047,TPS 047,null,null,null,60,92,77,null,null,null,INVALID,https://sirekap-obj-formc.kpu.go.id/3334/pemilu/ppwp/34/04/06/20/01/3404062001047-20240214-191824--f30d7c42-af25-49fa-9a7d-aa05fec5c31a.jpg,https://sirekap-obj-formc.kpu.go.id/3334/pemilu/ppwp/34/04/06/20/01/3404062001047-20240214-191947--83c88cf6-9c51-480d-9a44-75cf0567bbae.jpg,https://sirekap-obj-formc.kpu.go.id/3334/pemilu/ppwp/34/04/06/20/01/3404062001047-20240214-192155--855b3abf-74d8-4f05-9557-d457def7d8d1.jpg
34,DAERAH ISTIMEWA YOGYAKARTA,3404,SLEMAN,340406,MLATI,3404062001,SINDUADI,3404062001048,TPS 048,null,null,null,null,null,null,null,null,null,PROCESS,null,null,null
34,DAERAH ISTIMEWA YOGYAKARTA,3404,SLEMAN,340406,MLATI,3404062001,SINDUADI,3404062001049,TPS 049,247,5,1,54,68,96,218,6,224,VALID,https://sirekap-obj-formc.kpu.go.id/5c06/pemilu/ppwp/34/04/06/20/01/3404062001049-20240214-192236--3b48663b-ae2c-49bd-966e-adcf4639e6f8.jpg,https://sirekap-obj-formc.kpu.go.id/5c06/pemilu/ppwp/34/04/06/20/01/3404062001049-20240214-192312--e910f3b1-269c-4c5e-b4bd-4abef13b37d5.jpg,https://sirekap-obj-formc.kpu.go.id/5c06/pemilu/ppwp/34/04/06/20/01/3404062001049-20240214-192434--bcf31c6a-a0a8-4ef6-a2e1-ddf9f0160c46.jpg
34,DAERAH ISTIMEWA YOGYAKARTA,3404,SLEMAN,340406,MLATI,3404062001,SINDUADI,3404062001050,TPS 050,242,12,8,66,69,67,202,6,208,VALID,https://sirekap-obj-formc.kpu.go.id/9955/pemilu/ppwp/34/04/06/20/01/3404062001050-20240216-013032--57547ea6-0722-4db1-9b29-d8e93571d676.jpg,https://sirekap-obj-formc.kpu.go.id/9955/pemilu/ppwp/34/04/06/20/01/3404062001050-20240216-013047--00d7d70e-4e05-469d-853e-4acecbf39b41.jpg,https://sirekap-obj-formc.kpu.go.id/9955/pemilu/ppwp/34/04/06/20/01/3404062001050-20240216-013039--906de5e8-8cf7-4ff6-9572-a2827d8f450f.jpg
34,DAERAH ISTIMEWA YOGYAKARTA,3404,SLEMAN,340406,MLATI,3404062001,SINDUADI,3404062001051,TPS 051,285,10,0,49,136,49,234,6,240,VALID,https://sirekap-obj-formc.kpu.go.id/3339/pemilu/ppwp/34/04/06/20/01/3404062001051-20240216-155144--5def5603-c4db-49cf-af39-ed635d4f9fc1.jpg,https://sirekap-obj-formc.kpu.go.id/3339/pemilu/ppwp/34/04/06/20/01/3404062001051-20240216-155145--006ed742-ecb9-4178-8db2-1f2ddf4aa2af.jpg,https://sirekap-obj-formc.kpu.go.id/3339/pemilu/ppwp/34/04/06/20/01/3404062001051-20240216-155145--53372ac3-34d0-49a1-af40-48b4af4ffdce.jpg
34,DAERAH ISTIMEWA YOGYAKARTA,3404,SLEMAN,340406,MLATI,3404062001,SINDUADI,3404062001052,TPS 052,null,null,null,47,106,104,null,null,null,INVALID,https://sirekap-obj-formc.kpu.go.id/d913/pemilu/ppwp/34/04/06/20/01/3404062001052-20240214-155043--9b460a45-2683-4ccf-b0d6-de8f5e8cf680.jpg,https://sirekap-obj-formc.kpu.go.id/d913/pemilu/ppwp/34/04/06/20/01/3404062001052-20240214-155542--db3c1b49-4b94-4bbb-88dc-b9214f8cedff.jpg,https://sirekap-obj-formc.kpu.go.id/d913/pemilu/ppwp/34/04/06/20/01/3404062001052-20240214-155310--791e5ee8-5e7a-4549-9933-a9804715cc52.jpg
34,DAERAH ISTIMEWA YOGYAKARTA,3404,SLEMAN,340406,MLATI,3404062001,SINDUADI,3404062001053,TPS 053,240,9,5,60,84,65,209,6,215,VALID,https://sirekap-obj-formc.kpu.go.id/0940/pemilu/ppwp/34/04/06/20/01/3404062001053-20240214-211844--762ff068-2e2e-419f-835d-a4cba51b4402.jpg,https://sirekap-obj-formc.kpu.go.id/0940/pemilu/ppwp/34/04/06/20/01/3404062001053-20240214-211914--a0793834-71d1-4743-a0d0-158a4274ff01.jpg,https://sirekap-obj-formc.kpu.go.id/0940/pemilu/ppwp/34/04/06/20/01/3404062001053-20240214-211942--de6eee1f-282d-4c91-afac-0a5a519c31ac.jpg
34,DAERAH ISTIMEWA YOGYAKARTA,3404,SLEMAN,340406,MLATI,3404062001,SINDUADI,3404062001054,TPS 054,null,null,null,null,null,null,null,null,null,PROCESS,null,null,null
34,DAERAH ISTIMEWA YOGYAKARTA,3404,SLEMAN,340406,MLATI,3404062001,SINDUADI,3404062001055,TPS 055,null,null,null,null,null,null,null,null,null,PROCESS,null,null,null
34,DAERAH ISTIMEWA YOGYAKARTA,3404,SLEMAN,340406,MLATI,3404062001,SINDUADI,3404062001056,TPS 056,null,null,null,null,null,null,null,null,null,PROCESS,null,null,null
34,DAERAH ISTIMEWA YOGYAKARTA,3404,SLEMAN,340406,MLATI,3404062001,SINDUADI,3404062001057,TPS 057,247,8,3,78,82,52,212,4,216,VALID,https://sirekap-obj-formc.kpu.go.id/2b33/pemilu/ppwp/34/04/06/20/01/3404062001057-20240214-221611--c1496853-f16c-4b83-907b-a41bbb0510e9.jpg,https://sirekap-obj-formc.kpu.go.id/2b33/pemilu/ppwp/34/04/06/20/01/3404062001057-20240214-221504--4d4377bc-e3bb-4579-b226-83e5bcb42480.jpg,https://sirekap-obj-formc.kpu.go.id/2b33/pemilu/ppwp/34/04/06/20/01/3404062001057-20240214-221229--d5d45837-d3f3-4d40-b7c7-3b6831f0cd3f.jpg
34,DAERAH ISTIMEWA YOGYAKARTA,3404,SLEMAN,340406,MLATI,3404062001,SINDUADI,3404062001058,TPS 058,266,7,0,53,103,74,230,4,234,VALID,https://sirekap-obj-formc.kpu.go.id/7efb/pemilu/ppwp/34/04/06/20/01/3404062001058-20240216-135331--0e73f110-567a-4f89-98e6-549fb3359a75.jpg,https://sirekap-obj-formc.kpu.go.id/7efb/pemilu/ppwp/34/04/06/20/01/3404062001058-20240216-135332--997504bf-b198-4713-b16e-66a1762425c9.jpg,https://sirekap-obj-formc.kpu.go.id/7efb/pemilu/ppwp/34/04/06/20/01/3404062001058-20240216-135331--cacd68ec-0465-4ee6-9568-426853a1f4ed.jpg
34,DAERAH ISTIMEWA YOGYAKARTA,3404,SLEMAN,340406,MLATI,3404062001,SINDUADI,3404062001059,TPS 059,null,null,null,null,null,null,null,null,null,PROCESS,https://sirekap-obj-formc.kpu.go.id/15ef/pemilu/ppwp/34/04/06/20/01/3404062001059-20240214-191634--8724aab8-f184-40c5-af65-a1ffce2e4918.jpg,null,null
34,DAERAH ISTIMEWA YOGYAKARTA,3404,SLEMAN,340406,MLATI,3404062001,SINDUADI,3404062001060,TPS 060,null,null,null,28,76,92,null,null,null,INVALID,https://sirekap-obj-formc.kpu.go.id/2321/pemilu/ppwp/34/04/06/20/01/3404062001060-20240214-155820--97a02f18-b330-4142-83bd-f9080ff98b0d.jpg,https://sirekap-obj-formc.kpu.go.id/2321/pemilu/ppwp/34/04/06/20/01/3404062001060-20240214-160147--d643c036-42ff-4352-b0cc-ca00728d5236.jpg,https://sirekap-obj-formc.kpu.go.id/2321/pemilu/ppwp/34/04/06/20/01/3404062001060-20240214-210122--6a88709a-ac94-42f3-bde4-61f8086c224e.jpg
34,DAERAH ISTIMEWA YOGYAKARTA,3404,SLEMAN,340406,MLATI,3404062001,SINDUADI,3404062001061,TPS 061,212,6,0,47,69,82,198,3,201,VALID,https://sirekap-obj-formc.kpu.go.id/8135/pemilu/ppwp/34/04/06/20/01/3404062001061-20240214-155045--2fcf09a7-3af8-43c1-a615-9b843921d144.jpg,https://sirekap-obj-formc.kpu.go.id/8135/pemilu/ppwp/34/04/06/20/01/3404062001061-20240214-155051--b40e4ec6-9fbf-46ed-a64a-683b52c3b229.jpg,https://sirekap-obj-formc.kpu.go.id/8135/pemilu/ppwp/34/04/06/20/01/3404062001061-20240214-155058--4bc9f52f-fd71-43f1-8b64-d92d9fde1fcb.jpg
34,DAERAH ISTIMEWA YOGYAKARTA,3404,SLEMAN,340406,MLATI,3404062001,SINDUADI,3404062001062,TPS 062,null,null,null,null,null,null,null,null,null,PROCESS,null,null,null
34,DAERAH ISTIMEWA YOGYAKARTA,3404,SLEMAN,340406,MLATI,3404062001,SINDUADI,3404062001063,TPS 063,null,null,null,73,80,68,null,null,null,INVALID,https://sirekap-obj-formc.kpu.go.id/957c/pemilu/ppwp/34/04/06/20/01/3404062001063-20240214-212034--fbfd08a4-78b5-44c4-9ab2-a4e19fd78d8a.jpg,https://sirekap-obj-formc.kpu.go.id/957c/pemilu/ppwp/34/04/06/20/01/3404062001063-20240214-210334--c55c128e-d93c-46af-b212-b4945951df7b.jpg,https://sirekap-obj-formc.kpu.go.id/957c/pemilu/ppwp/34/04/06/20/01/3404062001063-20240214-210550--c73b7554-9a9f-491d-8540-bfeac04d9139.jpg
34,DAERAH ISTIMEWA YOGYAKARTA,3404,SLEMAN,340406,MLATI,3404062001,SINDUADI,3404062001064,TPS 064,null,null,null,37,120,70,null,null,null,INVALID,https://sirekap-obj-formc.kpu.go.id/1c7c/pemilu/ppwp/34/04/06/20/01/3404062001064-20240216-165715--0bd0572c-c57c-4840-823e-eafd8ea083e2.jpg,https://sirekap-obj-formc.kpu.go.id/1c7c/pemilu/ppwp/34/04/06/20/01/3404062001064-20240216-165717--812522d9-d193-4722-89f2-2a6adb6a5578.jpg,https://sirekap-obj-formc.kpu.go.id/1c7c/pemilu/ppwp/34/04/06/20/01/3404062001064-20240216-165720--f85864a0-88a3-4099-9bb3-83fb95edc8f0.jpg
34,DAERAH ISTIMEWA YOGYAKARTA,3404,SLEMAN,340406,MLATI,3404062001,SINDUADI,3404062001065,TPS 065,null,null,null,65,82,68,null,null,null,INVALID,https://sirekap-obj-formc.kpu.go.id/e214/pemilu/ppwp/34/04/06/20/01/3404062001065-20240214-155258--385ccf17-36b1-49b7-97af-837b09673105.jpg,https://sirekap-obj-formc.kpu.go.id/e214/pemilu/ppwp/34/04/06/20/01/3404062001065-20240214-155338--1495bee7-ab58-4acb-94f5-b48d2bcd5ce1.jpg,https://sirekap-obj-formc.kpu.go.id/e214/pemilu/ppwp/34/04/06/20/01/3404062001065-20240214-155153--c064c9a3-e4cc-4f32-ab79-13766d3a3a5f.jpg
34,DAERAH ISTIMEWA YOGYAKARTA,3404,SLEMAN,340406,MLATI,3404062001,SINDUADI,3404062001066,TPS 066,null,null,null,77,85,64,null,null,null,INVALID,https://sirekap-obj-formc.kpu.go.id/51b2/pemilu/ppwp/34/04/06/20/01/3404062001066-20240214-192250--c16c82ae-eddb-4849-9f60-6597a2bff00e.jpg,https://sirekap-obj-formc.kpu.go.id/51b2/pemilu/ppwp/34/04/06/20/01/3404062001066-20240214-192354--a7c5ece2-6bdd-4a09-b086-2a332920ccf1.jpg,https://sirekap-obj-formc.kpu.go.id/51b2/pemilu/ppwp/34/04/06/20/01/3404062001066-20240214-192505--00fb87f9-2272-4907-86af-f2d59dcf2802.jpg
34,DAERAH ISTIMEWA YOGYAKARTA,3404,SLEMAN,340406,MLATI,3404062001,SINDUADI,3404062001067,TPS 067,null,null,null,null,null,null,null,null,null,PROCESS,null,null,null
34,DAERAH ISTIMEWA YOGYAKARTA,3404,SLEMAN,340406,MLATI,3404062001,SINDUADI,3404062001068,TPS 068,252,9,7,38,84,92,214,7,221,VALID,https://sirekap-obj-formc.kpu.go.id/9003/pemilu/ppwp/34/04/06/20/01/3404062001068-20240216-143438--3705690e-1335-4865-a4d1-04a6ec925e62.jpg,https://sirekap-obj-formc.kpu.go.id/9003/pemilu/ppwp/34/04/06/20/01/3404062001068-20240215-214458--5ad9f99c-0dc5-4aad-9671-e1ef4c1e0ef4.jpg,https://sirekap-obj-formc.kpu.go.id/9003/pemilu/ppwp/34/04/06/20/01/3404062001068-20240216-143438--89afaaf1-0cd8-42d5-9ff8-1e9ddb053d7a.jpg
34,DAERAH ISTIMEWA YOGYAKARTA,3404,SLEMAN,340406,MLATI,3404062001,SINDUADI,3404062001069,TPS 069,235,8,0,44,111,60,215,2,217,VALID,https://sirekap-obj-formc.kpu.go.id/bdbb/pemilu/ppwp/34/04/06/20/01/3404062001069-20240216-144020--0f23e6b5-b32a-45dd-be95-2f9017494ce2.jpg,https://sirekap-obj-formc.kpu.go.id/bdbb/pemilu/ppwp/34/04/06/20/01/3404062001069-20240216-144022--e4c301e4-110f-4197-b8be-a576eabf69d9.jpg,https://sirekap-obj-formc.kpu.go.id/bdbb/pemilu/ppwp/34/04/06/20/01/3404062001069-20240216-144021--0d229db3-a670-4c00-a36c-138951d894e7.jpg
34,DAERAH ISTIMEWA YOGYAKARTA,3404,SLEMAN,340406,MLATI,3404062001,SINDUADI,3404062001070,TPS 070,null,null,null,50,75,75,null,null,null,INVALID,https://sirekap-obj-formc.kpu.go.id/35cf/pemilu/ppwp/34/04/06/20/01/3404062001070-20240214-220929--cfffec06-9f31-4d25-973d-b86979994277.jpg,https://sirekap-obj-formc.kpu.go.id/35cf/pemilu/ppwp/34/04/06/20/01/3404062001070-20240214-220931--c8c6b853-16c5-4f90-8ec9-2d53ee65954f.jpg,https://sirekap-obj-formc.kpu.go.id/35cf/pemilu/ppwp/34/04/06/20/01/3404062001070-20240214-220934--7a9c7def-6826-439d-baca-e0914f4bc9c5.jpg
34,DAERAH ISTIMEWA YOGYAKARTA,3404,SLEMAN,340406,MLATI,3404062001,SINDUADI,3404062001071,TPS 071,null,null,null,null,null,null,null,null,null,PROCESS,null,null,null
34,DAERAH ISTIMEWA YOGYAKARTA,3404,SLEMAN,340406,MLATI,3404062001,SINDUADI,3404062001072,TPS 072,177,9,18,26,92,82,200,4,204,VALID,https://sirekap-obj-formc.kpu.go.id/23f3/pemilu/ppwp/34/04/06/20/01/3404062001072-20240216-190214--faa7643d-7efd-418d-89ea-1ac36745577a.jpg,https://sirekap-obj-formc.kpu.go.id/23f3/pemilu/ppwp/34/04/06/20/01/3404062001072-20240216-190216--8b198bb5-5e4f-4849-badd-3fb005355c8e.jpg,https://sirekap-obj-formc.kpu.go.id/23f3/pemilu/ppwp/34/04/06/20/01/3404062001072-20240216-190215--1878e61a-c0e5-4efb-b447-25940f12c938.jpg
34,DAERAH ISTIMEWA YOGYAKARTA,3404,SLEMAN,340406,MLATI,3404062001,SINDUADI,3404062001073,TPS 073,null,null,null,26,80,103,null,null,null,INVALID,https://sirekap-obj-formc.kpu.go.id/a1c0/pemilu/ppwp/34/04/06/20/01/3404062001073-20240214-194124--3f2f6408-dc43-49cf-a430-cd39626b2572.jpg,https://sirekap-obj-formc.kpu.go.id/a1c0/pemilu/ppwp/34/04/06/20/01/3404062001073-20240214-192947--fda44502-7ecc-4928-a1bf-0a2827547f7f.jpg,https://sirekap-obj-formc.kpu.go.id/a1c0/pemilu/ppwp/34/04/06/20/01/3404062001073-20240214-194307--c52eb336-82a0-4d8e-86d0-b7a34f6a0726.jpg
34,DAERAH ISTIMEWA YOGYAKARTA,3404,SLEMAN,340406,MLATI,3404062001,SINDUADI,3404062001074,TPS 074,null,null,null,null,null,null,null,null,null,PROCESS,null,null,null
34,DAERAH ISTIMEWA YOGYAKARTA,3404,SLEMAN,340406,MLATI,3404062001,SINDUADI,3404062001075,TPS 075,215,8,3,26,66,85,177,3,180,VALID,https://sirekap-obj-formc.kpu.go.id/0d94/pemilu/ppwp/34/04/06/20/01/3404062001075-20240215-135251--4a60a898-0bb5-4619-970c-59fb90609f5f.jpg,https://sirekap-obj-formc.kpu.go.id/0d94/pemilu/ppwp/34/04/06/20/01/3404062001075-20240216-124639--1e137e7d-376f-4224-8399-b3e9880a6765.jpg,https://sirekap-obj-formc.kpu.go.id/0d94/pemilu/ppwp/34/04/06/20/01/3404062001075-20240216-124424--eca4ebdb-8fd8-49f3-817e-6edac6e97d1c.jpg
34,DAERAH ISTIMEWA YOGYAKARTA,3404,SLEMAN,340406,MLATI,3404062001,SINDUADI,3404062001076,TPS 076,null,null,null,null,null,null,null,null,null,PROCESS,null,null,null
34,DAERAH ISTIMEWA YOGYAKARTA,3404,SLEMAN,340406,MLATI,3404062001,SINDUADI,3404062001077,TPS 077,null,null,null,null,null,null,null,null,null,PROCESS,null,null,null
34,DAERAH ISTIMEWA YOGYAKARTA,3404,SLEMAN,340406,MLATI,3404062001,SINDUADI,3404062001078,TPS 078,null,null,null,null,null,null,null,null,null,PROCESS,null,null,null
34,DAERAH ISTIMEWA YOGYAKARTA,3404,SLEMAN,340406,MLATI,3404062001,SINDUADI,3404062001079,TPS 079,null,null,null,77,82,68,null,null,null,INVALID,https://sirekap-obj-formc.kpu.go.id/4ce0/pemilu/ppwp/34/04/06/20/01/3404062001079-20240214-193009--bef7c7ea-0734-4d9c-b978-e47344915ae2.jpg,https://sirekap-obj-formc.kpu.go.id/4ce0/pemilu/ppwp/34/04/06/20/01/3404062001079-20240214-193046--ecd5a7cb-fcd1-4673-9ce3-afaa4f49c261.jpg,https://sirekap-obj-formc.kpu.go.id/4ce0/pemilu/ppwp/34/04/06/20/01/3404062001079-20240214-193129--88c509e8-036b-44bc-968d-b97b9b0c69ea.jpg
34,DAERAH ISTIMEWA YOGYAKARTA,3404,SLEMAN,340406,MLATI,3404062001,SINDUADI,3404062001080,TPS 080,0,9,1,79,74,63,216,2,218,VALID,https://sirekap-obj-formc.kpu.go.id/e502/pemilu/ppwp/34/04/06/20/01/3404062001080-20240214-194252--d628342f-7826-417c-a397-f8c4645ba3dc.jpg,https://sirekap-obj-formc.kpu.go.id/e502/pemilu/ppwp/34/04/06/20/01/3404062001080-20240214-194338--0f78d8f3-b036-4c0b-8b69-0279acfe1d9b.jpg,https://sirekap-obj-formc.kpu.go.id/e502/pemilu/ppwp/34/04/06/20/01/3404062001080-20240214-194429--9ddb08cd-7f49-442c-9ba9-d623206babdb.jpg
34,DAERAH ISTIMEWA YOGYAKARTA,3404,SLEMAN,340406,MLATI,3404062001,SINDUADI,3404062001081,TPS 081,null,null,null,null,null,null,null,null,null,PROCESS,null,null,null
34,DAERAH ISTIMEWA YOGYAKARTA,3404,SLEMAN,340406,MLATI,3404062001,SINDUADI,3404062001082,TPS 082,null,null,null,null,null,null,null,null,null,PROCESS,null,null,null
34,DAERAH ISTIMEWA YOGYAKARTA,3404,SLEMAN,340406,MLATI,3404062001,SINDUADI,3404062001083,TPS 083,242,12,2,51,99,51,201,5,206,VALID,https://sirekap-obj-formc.kpu.go.id/69d0/pemilu/ppwp/34/04/06/20/01/3404062001083-20240216-145026--2d49d988-ed11-4f3c-9d5a-cf9531c8a7d2.jpg,https://sirekap-obj-formc.kpu.go.id/69d0/pemilu/ppwp/34/04/06/20/01/3404062001083-20240216-144744--16d75b84-8df3-49f3-bcf3-4a35c958a144.jpg,https://sirekap-obj-formc.kpu.go.id/69d0/pemilu/ppwp/34/04/06/20/01/3404062001083-20240216-144855--7c8b2e2a-de09-42af-b1cc-603ad8440ee5.jpg
34,DAERAH ISTIMEWA YOGYAKARTA,3404,SLEMAN,340406,MLATI,3404062001,SINDUADI,3404062001084,TPS 084,239,17,1,73,56,62,191,2,193,VALID,https://sirekap-obj-formc.kpu.go.id/730a/pemilu/ppwp/34/04/06/20/01/3404062001084-20240214-204019--09644fd4-a345-4122-80ca-63b4f97ec86a.jpg,https://sirekap-obj-formc.kpu.go.id/730a/pemilu/ppwp/34/04/06/20/01/3404062001084-20240214-204023--4ce1bdcd-15ee-4235-a7c0-100d0f4198df.jpg,https://sirekap-obj-formc.kpu.go.id/730a/pemilu/ppwp/34/04/06/20/01/3404062001084-20240214-204026--e3b830b9-7329-4574-81d9-d709a0004786.jpg
34,DAERAH ISTIMEWA YOGYAKARTA,3404,SLEMAN,340406,MLATI,3404062001,SINDUADI,3404062001085,TPS 085,228,17,2,51,85,70,206,3,209,VALID,https://sirekap-obj-formc.kpu.go.id/2a0b/pemilu/ppwp/34/04/06/20/01/3404062001085-20240214-192244--cc7dc970-0767-40e7-a6b8-b6851b927806.jpg,https://sirekap-obj-formc.kpu.go.id/2a0b/pemilu/ppwp/34/04/06/20/01/3404062001085-20240214-192252--7ee1503c-8e6c-4649-b96f-733a3b91b8f7.jpg,https://sirekap-obj-formc.kpu.go.id/2a0b/pemilu/ppwp/34/04/06/20/01/3404062001085-20240214-192316--4fb0ba55-b2e9-461f-92f0-420f57fbeb5c.jpg
34,DAERAH ISTIMEWA YOGYAKARTA,3404,SLEMAN,340406,MLATI,3404062001,SINDUADI,3404062001086,TPS 086,null,null,null,44,84,68,null,null,null,INVALID,https://sirekap-obj-formc.kpu.go.id/e425/pemilu/ppwp/34/04/06/20/01/3404062001086-20240214-214410--b489cf18-3c3c-4086-965e-fbb35baa16be.jpg,https://sirekap-obj-formc.kpu.go.id/e425/pemilu/ppwp/34/04/06/20/01/3404062001086-20240214-231444--364049f1-553a-4cdd-ac95-d0631fc7b93d.jpg,https://sirekap-obj-formc.kpu.go.id/e425/pemilu/ppwp/34/04/06/20/01/3404062001086-20240214-231538--8846fa40-00f9-429e-934d-3f74374df0cd.jpg
34,DAERAH ISTIMEWA YOGYAKARTA,3404,SLEMAN,340406,MLATI,3404062001,SINDUADI,3404062001087,TPS 087,null,null,null,null,null,null,null,null,null,PROCESS,null,null,null
34,DAERAH ISTIMEWA YOGYAKARTA,3404,SLEMAN,340406,MLATI,3404062001,SINDUADI,3404062001088,TPS 088,null,null,null,63,84,61,null,null,null,INVALID,https://sirekap-obj-formc.kpu.go.id/7e3e/pemilu/ppwp/34/04/06/20/01/3404062001088-20240215-021134--fce12602-e781-4e23-8a86-5ba337d213cd.jpg,https://sirekap-obj-formc.kpu.go.id/7e3e/pemilu/ppwp/34/04/06/20/01/3404062001088-20240215-021234--ee8f27d3-27ec-44be-9907-7ea47c6ffa31.jpg,https://sirekap-obj-formc.kpu.go.id/7e3e/pemilu/ppwp/34/04/06/20/01/3404062001088-20240215-021417--925e23dc-c025-479f-8248-96825efecca5.jpg
34,DAERAH ISTIMEWA YOGYAKARTA,3404,SLEMAN,340406,MLATI,3404062001,SINDUADI,3404062001089,TPS 089,null,null,null,null,null,null,null,null,null,PROCESS,null,null,null
34,DAERAH ISTIMEWA YOGYAKARTA,3404,SLEMAN,340406,MLATI,3404062001,SINDUADI,3404062001090,TPS 090,null,null,null,90,81,62,null,null,null,INVALID,https://sirekap-obj-formc.kpu.go.id/6da5/pemilu/ppwp/34/04/06/20/01/3404062001090-20240214-191504--29181b42-4d41-46e4-84ce-ecc4bef5050f.jpg,https://sirekap-obj-formc.kpu.go.id/6da5/pemilu/ppwp/34/04/06/20/01/3404062001090-20240214-191348--2bd771fb-e1a9-4c04-9662-ca38a4f55355.jpg,https://sirekap-obj-formc.kpu.go.id/6da5/pemilu/ppwp/34/04/06/20/01/3404062001090-20240214-191620--7f68a944-a7aa-412d-8ac6-10a819cad486.jpg
34,DAERAH ISTIMEWA YOGYAKARTA,3404,SLEMAN,340406,MLATI,3404062001,SINDUADI,3404062001091,TPS 091,null,null,null,null,null,null,null,null,null,PROCESS,null,null,null
34,DAERAH ISTIMEWA YOGYAKARTA,3404,SLEMAN,340406,MLATI,3404062001,SINDUADI,3404062001092,TPS 092,null,null,null,null,null,null,null,null,null,PROCESS,https://sirekap-obj-formc.kpu.go.id/ef74/pemilu/ppwp/34/04/06/20/01/3404062001092-20240214-160141--f8301186-c520-4f42-9f71-931c4e4f858a.jpg,null,null
34,DAERAH ISTIMEWA YOGYAKARTA,3404,SLEMAN,340406,MLATI,3404062001,SINDUADI,3404062001093,TPS 093,null,null,null,26,70,82,null,null,null,INVALID,null,https://sirekap-obj-formc.kpu.go.id/9438/pemilu/ppwp/34/04/06/20/01/3404062001093-20240214-200208--6fde0343-feb7-44b3-a4cb-0901eb72031b.jpg,null
34,DAERAH ISTIMEWA YOGYAKARTA,3404,SLEMAN,340406,MLATI,3404062001,SINDUADI,3404062001094,TPS 094,231,5,4,29,89,66,184,7,191,VALID,https://sirekap-obj-formc.kpu.go.id/6b5a/pemilu/ppwp/34/04/06/20/01/3404062001094-20240214-220841--9f42da4e-01e5-4119-8cff-ca92b251266b.jpg,https://sirekap-obj-formc.kpu.go.id/6b5a/pemilu/ppwp/34/04/06/20/01/3404062001094-20240214-221557--8406ab81-6ec4-4f2a-89e2-a070d713173b.jpg,https://sirekap-obj-formc.kpu.go.id/6b5a/pemilu/ppwp/34/04/06/20/01/3404062001094-20240214-224259--bfeccbb0-1e1d-4d4b-b734-1a9034558fd9.jpg
34,DAERAH ISTIMEWA YOGYAKARTA,3404,SLEMAN,340406,MLATI,3404062001,SINDUADI,3404062001095,TPS 095,229,8,0,48,80,70,198,6,204,VALID,https://sirekap-obj-formc.kpu.go.id/3164/pemilu/ppwp/34/04/06/20/01/3404062001095-20240214-222212--1f6db747-081b-489b-867f-3f04559804e2.jpg,https://sirekap-obj-formc.kpu.go.id/3164/pemilu/ppwp/34/04/06/20/01/3404062001095-20240214-222244--a71f90d6-d697-4b98-818a-1f1f336d195d.jpg,https://sirekap-obj-formc.kpu.go.id/3164/pemilu/ppwp/34/04/06/20/01/3404062001095-20240214-222248--ab34bfc6-2455-4591-8b86-b10aa2faf311.jpg
34,DAERAH ISTIMEWA YOGYAKARTA,3404,SLEMAN,340406,MLATI,3404062001,SINDUADI,3404062001096,TPS 096,null,null,null,null,null,null,null,null,null,PROCESS,null,null,null
34,DAERAH ISTIMEWA YOGYAKARTA,3404,SLEMAN,340406,MLATI,3404062001,SINDUADI,3404062001097,TPS 097,234,10,2,41,84,81,206,0,206,VALID,https://sirekap-obj-formc.kpu.go.id/c726/pemilu/ppwp/34/04/06/20/01/3404062001097-20240215-233949--ca60e87a-eac6-485f-8bf8-a0e9a631ac15.jpg,https://sirekap-obj-formc.kpu.go.id/c726/pemilu/ppwp/34/04/06/20/01/3404062001097-20240214-155255--7a2fb374-8ac5-4543-89e4-c4fb0e1f844a.jpg,https://sirekap-obj-formc.kpu.go.id/c726/pemilu/ppwp/34/04/06/20/01/3404062001097-20240215-234053--61dde402-2a43-443d-a433-72bf99555592.jpg
34,DAERAH ISTIMEWA YOGYAKARTA,3404,SLEMAN,340406,MLATI,3404062001,SINDUADI,3404062001098,TPS 098,null,null,null,null,null,null,null,null,null,PROCESS,null,null,null
34,DAERAH ISTIMEWA YOGYAKARTA,3404,SLEMAN,340406,MLATI,3404062001,SINDUADI,3404062001099,TPS 099,268,12,1,40,107,94,241,2,243,VALID,https://sirekap-obj-formc.kpu.go.id/342e/pemilu/ppwp/34/04/06/20/01/3404062001099-20240214-155131--50720ae8-e39d-4e3c-9453-d7e326ae3c87.jpg,https://sirekap-obj-formc.kpu.go.id/342e/pemilu/ppwp/34/04/06/20/01/3404062001099-20240214-155306--0a605c4a-99e4-4966-8287-00abcf677514.jpg,https://sirekap-obj-formc.kpu.go.id/342e/pemilu/ppwp/34/04/06/20/01/3404062001099-20240214-190935--9c6fac57-f65c-48e2-87c0-a6c55242c085.jpg
34,DAERAH ISTIMEWA YOGYAKARTA,3404,SLEMAN,340406,MLATI,3404062001,SINDUADI,3404062001100,TPS 100,null,null,null,null,null,null,null,null,null,PROCESS,null,null,null
34,DAERAH ISTIMEWA YOGYAKARTA,3404,SLEMAN,340406,MLATI,3404062001,SINDUADI,3404062001101,TPS 101,null,null,null,null,null,null,null,null,null,PROCESS,null,null,null
34,DAERAH ISTIMEWA YOGYAKARTA,3404,SLEMAN,340406,MLATI,3404062001,SINDUADI,3404062001102,TPS 102,null,null,null,53,60,101,null,null,null,INVALID,https://sirekap-obj-formc.kpu.go.id/2a7d/pemilu/ppwp/34/04/06/20/01/3404062001102-20240215-004141--e5557757-fef9-406a-99a4-73ae78015b39.jpg,https://sirekap-obj-formc.kpu.go.id/2a7d/pemilu/ppwp/34/04/06/20/01/3404062001102-20240215-004251--053cde4b-f3f6-4767-a825-71bfc617a6ff.jpg,https://sirekap-obj-formc.kpu.go.id/2a7d/pemilu/ppwp/34/04/06/20/01/3404062001102-20240214-193132--b6bf691c-3116-4ade-b880-ecfdcf6642df.jpg
34,DAERAH ISTIMEWA YOGYAKARTA,3404,SLEMAN,340406,MLATI,3404062001,SINDUADI,3404062001103,TPS 103,null,null,null,82,73,64,null,null,null,INVALID,https://sirekap-obj-formc.kpu.go.id/9497/pemilu/ppwp/34/04/06/20/01/3404062001103-20240214-205136--25cee4b3-e6cc-43ab-b0d5-4ea6fcdce7a3.jpg,https://sirekap-obj-formc.kpu.go.id/9497/pemilu/ppwp/34/04/06/20/01/3404062001103-20240214-205417--56ab2af5-2599-4778-ac38-03f538435173.jpg,https://sirekap-obj-formc.kpu.go.id/9497/pemilu/ppwp/34/04/06/20/01/3404062001103-20240214-205524--8026eaf3-ce7d-4f2f-9d1e-55ba1d012f2f.jpg
34,DAERAH ISTIMEWA YOGYAKARTA,3404,SLEMAN,340406,MLATI,3404062001,SINDUADI,3404062001104,TPS 104,null,null,null,null,null,null,null,null,null,PROCESS,null,null,null
34,DAERAH ISTIMEWA YOGYAKARTA,3404,SLEMAN,340406,MLATI,3404062001,SINDUADI,3404062001105,TPS 105,275,9,2,80,96,51,227,7,234,VALID,https://sirekap-obj-formc.kpu.go.id/2d67/pemilu/ppwp/34/04/06/20/01/3404062001105-20240214-190653--5abd1f2c-4698-4d4d-b0fc-b594e5effada.jpg,https://sirekap-obj-formc.kpu.go.id/2d67/pemilu/ppwp/34/04/06/20/01/3404062001105-20240214-190701--3ce8fa32-30dd-40cf-9055-07165f9d837e.jpg,https://sirekap-obj-formc.kpu.go.id/2d67/pemilu/ppwp/34/04/06/20/01/3404062001105-20240214-190714--cd97eb7f-934f-4ed0-957c-6604df19abe2.jpg
34,DAERAH ISTIMEWA YOGYAKARTA,3404,SLEMAN,340406,MLATI,3404062001,SINDUADI,3404062001106,TPS 106,null,null,null,54,57,54,null,null,null,INVALID,https://sirekap-obj-formc.kpu.go.id/e4aa/pemilu/ppwp/34/04/06/20/01/3404062001106-20240214-155508--68593f02-bff3-4ec9-9897-956196ea69f9.jpg,https://sirekap-obj-formc.kpu.go.id/e4aa/pemilu/ppwp/34/04/06/20/01/3404062001106-20240214-203531--5afeb401-abf4-47a7-9609-33c073cdc50a.jpg,https://sirekap-obj-formc.kpu.go.id/e4aa/pemilu/ppwp/34/04/06/20/01/3404062001106-20240214-155618--81ad8ca8-d9d5-4a2c-8c60-6a6bea51e27f.jpg
34,DAERAH ISTIMEWA YOGYAKARTA,3404,SLEMAN,340406,MLATI,3404062001,SINDUADI,3404062001107,TPS 107,227,11,2,66,107,58,231,6,237,VALID,https://sirekap-obj-formc.kpu.go.id/cbd8/pemilu/ppwp/34/04/06/20/01/3404062001107-20240214-192510--5108dbf2-b8c9-4657-94a8-300d3dd68605.jpg,https://sirekap-obj-formc.kpu.go.id/cbd8/pemilu/ppwp/34/04/06/20/01/3404062001107-20240214-190223--1740afc5-5e4f-45bb-a72c-5d5eea05d615.jpg,https://sirekap-obj-formc.kpu.go.id/cbd8/pemilu/ppwp/34/04/06/20/01/3404062001107-20240214-190329--1cd8bb86-62b9-4269-8538-8a896625b926.jpg
34,DAERAH ISTIMEWA YOGYAKARTA,3404,SLEMAN,340406,MLATI,3404062001,SINDUADI,3404062001108,TPS 108,269,6,0,77,126,34,237,8,245,VALID,https://sirekap-obj-formc.kpu.go.id/34e7/pemilu/ppwp/34/04/06/20/01/3404062001108-20240214-155328--e1c85253-8681-407c-95f8-1ae4adf3c096.jpg,https://sirekap-obj-formc.kpu.go.id/34e7/pemilu/ppwp/34/04/06/20/01/3404062001108-20240214-155337--7633efea-0fb4-4cd9-ab68-d1ad41ef7eac.jpg,https://sirekap-obj-formc.kpu.go.id/34e7/pemilu/ppwp/34/04/06/20/01/3404062001108-20240214-155346--de9035f8-6296-43d9-b54b-22274d92e10d.jpg
34,DAERAH ISTIMEWA YOGYAKARTA,3404,SLEMAN,340406,MLATI,3404062001,SINDUADI,3404062001109,TPS 109,null,null,null,null,null,null,null,null,null,PROCESS,null,null,null
34,DAERAH ISTIMEWA YOGYAKARTA,3404,SLEMAN,340406,MLATI,3404062001,SINDUADI,3404062001110,TPS 110,232,9,8,102,42,39,183,1,184,VALID,https://sirekap-obj-formc.kpu.go.id/67a2/pemilu/ppwp/34/04/06/20/01/3404062001110-20240214-185311--9854c598-30ef-4687-944d-5d36d930743e.jpg,https://sirekap-obj-formc.kpu.go.id/67a2/pemilu/ppwp/34/04/06/20/01/3404062001110-20240214-185407--b75773c6-9a4d-4487-a42a-d467447e10ed.jpg,https://sirekap-obj-formc.kpu.go.id/67a2/pemilu/ppwp/34/04/06/20/01/3404062001110-20240214-185645--053cb583-2415-4af8-8d66-c492937f4455.jpg
